{
  "main_runtime.py": {
    "hash": "d73f7c42dc43f986536c10758965ae4c",
    "mod_time": 1775788733.3269348,
    "size": 32487
  },
  "core/signal_engine.py": {
    "hash": "0fb82381a955baf253873a0b4f98f441",
    "mod_time": 1775785568.218128,
    "size": 11782
  },
  "core/trade_orchestrator.py": {
    "hash": "9cb25ac5157e0db4ac509a1a72bf5237",
    "mod_time": 1775788222.3871448,
    "size": 41472
  },
  "core/strategy_registry.py": {
    "hash": "ba6942d1b12c644d6255bb92d4225730",
    "mod_time": 1775785083.744745,
    "size": 6004
  },
  "core/market_data_service.py": {
    "hash": "b510c0669fb2d389d9ce4edcca4250ed",
    "mod_time": 1775724445.8712852,
    "size": 12970
  },
  "core/indicator_service.py": {
    "hash": "fa4f5d9a4b3dfc126943d764ad09bccc",
    "mod_time": 1775620577.3131292,
    "size": 9314
  },
  "core/position_manager.py": {
    "hash": "32b17ea1c5fc715aac8fef71bd05941d",
    "mod_time": 1775783283.0560849,
    "size": 29697
  },
  "config.json": {
    "hash": "e21d1898a7a238138142497cc8f47c0e",
    "mod_time": 1775785083.743745,
    "size": 2082
  },
  "trading_results.json": {
    "hash": "977dea47b76ed5aebf64ad4d84b7aeab",
    "mod_time": 1775795547.821195,
    "size": 121209
  }
}